exp#,utility_YS,utility_YS_order,utility_YS_course,utility_YS_both,gini_YS,gini_YS_order,gini_YS_course,gini_YS_both,base_0,base_rnd,base_DSA_RC,cl_60,cl_65,cl_70,cl_75,cl_80,cl_85,cl_90,friendship_w_0,friendship_w_1
1,183,0,0,0,39.84,0,0,0,0,0,1,1,0,0,0,0,0,0,1,0
2,174,0,0,0,41.82,0,0,0,0,0,1,1,0,0,0,0,0,0,1,0
3,171,0,0,0,36.16,0,0,0,0,0,1,1,0,0,0,0,0,0,1,0
4,182,0,0,0,38.75,0,0,0,0,0,1,1,0,0,0,0,0,0,1,0
5,196,0,0,0,33.01,0,0,0,0,0,1,1,0,0,0,0,0,0,1,0
6,180,0,0,0,37.28,0,0,0,0,0,1,1,0,0,0,0,0,0,1,0
7,182,0,0,0,41.33,0,0,0,0,0,1,1,0,0,0,0,0,0,1,0
8,197,0,0,0,35.45,0,0,0,0,0,1,1,0,0,0,0,0,0,1,0
9,178,0,0,0,33.66,0,0,0,0,0,1,1,0,0,0,0,0,0,1,0
10,171,0,0,0,35.95,0,0,0,0,0,1,1,0,0,0,0,0,0,1,0
11,162,0,0,0,39.72,0,0,0,0,0,1,1,0,0,0,0,0,0,1,0
12,184,0,0,0,36.67,0,0,0,0,0,1,1,0,0,0,0,0,0,1,0
13,187,0,0,0,37.37,0,0,0,0,0,1,1,0,0,0,0,0,0,1,0
14,180,0,0,0,36.98,0,0,0,0,0,1,1,0,0,0,0,0,0,1,0
15,164,0,0,0,41.68,0,0,0,0,0,1,1,0,0,0,0,0,0,1,0
16,173,0,0,0,36.64,0,0,0,0,0,1,1,0,0,0,0,0,0,1,0
17,203,0,0,0,33.53,0,0,0,0,0,1,1,0,0,0,0,0,0,1,0
18,190,0,0,0,36.15,0,0,0,0,0,1,1,0,0,0,0,0,0,1,0
19,166,0,0,0,38.53,0,0,0,0,0,1,1,0,0,0,0,0,0,1,0
20,188,0,0,0,32.61,0,0,0,0,0,1,1,0,0,0,0,0,0,1,0
21,183,0,0,0,33.78,0,0,0,0,0,1,1,0,0,0,0,0,0,1,0
22,175,0,0,0,39.46,0,0,0,0,0,1,1,0,0,0,0,0,0,1,0
23,192,0,0,0,31.57,0,0,0,0,0,1,1,0,0,0,0,0,0,1,0
24,184,0,0,0,40.66,0,0,0,0,0,1,1,0,0,0,0,0,0,1,0
25,184,0,0,0,32.53,0,0,0,0,0,1,1,0,0,0,0,0,0,1,0
26,188,0,0,0,38.48,0,0,0,0,0,1,1,0,0,0,0,0,0,1,0
27,198,0,0,0,34.18,0,0,0,0,0,1,1,0,0,0,0,0,0,1,0
28,175,0,0,0,39.61,0,0,0,0,0,1,1,0,0,0,0,0,0,1,0
29,188,0,0,0,33.82,0,0,0,0,0,1,1,0,0,0,0,0,0,1,0
30,185,0,0,0,34.48,0,0,0,0,0,1,1,0,0,0,0,0,0,1,0
31,180,0,0,0,34.95,0,0,0,0,0,1,1,0,0,0,0,0,0,1,0
32,173,0,0,0,35.58,0,0,0,0,0,1,1,0,0,0,0,0,0,1,0
33,200,0,0,0,33.68,0,0,0,0,0,1,1,0,0,0,0,0,0,1,0
34,175,0,0,0,35.62,0,0,0,0,0,1,1,0,0,0,0,0,0,1,0
35,171,0,0,0,39.13,0,0,0,0,0,1,1,0,0,0,0,0,0,1,0
36,161,0,0,0,40.45,0,0,0,0,0,1,1,0,0,0,0,0,0,1,0
37,167,0,0,0,38.44,0,0,0,0,0,1,1,0,0,0,0,0,0,1,0
38,176,0,0,0,39.46,0,0,0,0,0,1,1,0,0,0,0,0,0,1,0
39,187,0,0,0,36.59,0,0,0,0,0,1,1,0,0,0,0,0,0,1,0
40,191,0,0,0,38.05,0,0,0,0,0,1,1,0,0,0,0,0,0,1,0
41,172,0,0,0,36.97,0,0,0,0,0,1,1,0,0,0,0,0,0,1,0
42,183,0,0,0,37.97,0,0,0,0,0,1,1,0,0,0,0,0,0,1,0
43,186,0,0,0,32.77,0,0,0,0,0,1,1,0,0,0,0,0,0,1,0
44,178,0,0,0,39.34,0,0,0,0,0,1,1,0,0,0,0,0,0,1,0
45,181,0,0,0,36.14,0,0,0,0,0,1,1,0,0,0,0,0,0,1,0
46,175,0,0,0,39.96,0,0,0,0,0,1,1,0,0,0,0,0,0,1,0
47,171,0,0,0,40.55,0,0,0,0,0,1,1,0,0,0,0,0,0,1,0
48,186,0,0,0,33.84,0,0,0,0,0,1,1,0,0,0,0,0,0,1,0
49,164,0,0,0,37.56,0,0,0,0,0,1,1,0,0,0,0,0,0,1,0
50,192,0,0,0,35.23,0,0,0,0,0,1,1,0,0,0,0,0,0,1,0
51,195,0,0,0,36.35,0,0,0,0,0,1,0,1,0,0,0,0,0,1,0
52,177,0,0,0,39.58,0,0,0,0,0,1,0,1,0,0,0,0,0,1,0
53,183,0,0,0,34.74,0,0,0,0,0,1,0,1,0,0,0,0,0,1,0
54,184,0,0,0,37.45,0,0,0,0,0,1,0,1,0,0,0,0,0,1,0
55,168,0,0,0,37.05,0,0,0,0,0,1,0,1,0,0,0,0,0,1,0
56,196,0,0,0,34.88,0,0,0,0,0,1,0,1,0,0,0,0,0,1,0
57,173,0,0,0,43.12,0,0,0,0,0,1,0,1,0,0,0,0,0,1,0
58,197,0,0,0,33.05,0,0,0,0,0,1,0,1,0,0,0,0,0,1,0
59,160,0,0,0,37.35,0,0,0,0,0,1,0,1,0,0,0,0,0,1,0
60,166,0,0,0,41.94,0,0,0,0,0,1,0,1,0,0,0,0,0,1,0
61,188,0,0,0,34.73,0,0,0,0,0,1,0,1,0,0,0,0,0,1,0
62,187,0,0,0,38.71,0,0,0,0,0,1,0,1,0,0,0,0,0,1,0
63,183,0,0,0,33.04,0,0,0,0,0,1,0,1,0,0,0,0,0,1,0
64,171,0,0,0,35.95,0,0,0,0,0,1,0,1,0,0,0,0,0,1,0
65,175,0,0,0,33.44,0,0,0,0,0,1,0,1,0,0,0,0,0,1,0
66,188,0,0,0,33.89,0,0,0,0,0,1,0,1,0,0,0,0,0,1,0
67,190,0,0,0,34.58,0,0,0,0,0,1,0,1,0,0,0,0,0,1,0
68,188,0,0,0,36.36,0,0,0,0,0,1,0,1,0,0,0,0,0,1,0
69,171,0,0,0,39.46,0,0,0,0,0,1,0,1,0,0,0,0,0,1,0
70,199,0,0,0,36.0,0,0,0,0,0,1,0,1,0,0,0,0,0,1,0
71,182,0,0,0,35.72,0,0,0,0,0,1,0,1,0,0,0,0,0,1,0
72,176,0,0,0,37.21,0,0,0,0,0,1,0,1,0,0,0,0,0,1,0
73,193,0,0,0,30.69,0,0,0,0,0,1,0,1,0,0,0,0,0,1,0
74,178,0,0,0,37.4,0,0,0,0,0,1,0,1,0,0,0,0,0,1,0
75,186,0,0,0,34.31,0,0,0,0,0,1,0,1,0,0,0,0,0,1,0
76,164,0,0,0,39.97,0,0,0,0,0,1,0,1,0,0,0,0,0,1,0
77,182,0,0,0,40.06,0,0,0,0,0,1,0,1,0,0,0,0,0,1,0
78,198,0,0,0,35.23,0,0,0,0,0,1,0,1,0,0,0,0,0,1,0
79,180,0,0,0,38.66,0,0,0,0,0,1,0,1,0,0,0,0,0,1,0
80,189,0,0,0,34.8,0,0,0,0,0,1,0,1,0,0,0,0,0,1,0
81,193,0,0,0,37.91,0,0,0,0,0,1,0,1,0,0,0,0,0,1,0
82,179,0,0,0,32.69,0,0,0,0,0,1,0,1,0,0,0,0,0,1,0
83,196,0,0,0,34.58,0,0,0,0,0,1,0,1,0,0,0,0,0,1,0
84,178,0,0,0,38.27,0,0,0,0,0,1,0,1,0,0,0,0,0,1,0
85,184,0,0,0,35.87,0,0,0,0,0,1,0,1,0,0,0,0,0,1,0
86,171,0,0,0,39.76,0,0,0,0,0,1,0,1,0,0,0,0,0,1,0
87,191,0,0,0,31.22,0,0,0,0,0,1,0,1,0,0,0,0,0,1,0
88,175,0,0,0,36.0,0,0,0,0,0,1,0,1,0,0,0,0,0,1,0
89,180,0,0,0,34.95,0,0,0,0,0,1,0,1,0,0,0,0,0,1,0
90,179,0,0,0,39.95,0,0,0,0,0,1,0,1,0,0,0,0,0,1,0
91,185,0,0,0,37.0,0,0,0,0,0,1,0,1,0,0,0,0,0,1,0
92,173,0,0,0,38.12,0,0,0,0,0,1,0,1,0,0,0,0,0,1,0
93,201,0,0,0,30.28,0,0,0,0,0,1,0,1,0,0,0,0,0,1,0
94,188,0,0,0,35.01,0,0,0,0,0,1,0,1,0,0,0,0,0,1,0
95,197,0,0,0,34.9,0,0,0,0,0,1,0,1,0,0,0,0,0,1,0
96,175,0,0,0,35.85,0,0,0,0,0,1,0,1,0,0,0,0,0,1,0
97,181,0,0,0,33.82,0,0,0,0,0,1,0,1,0,0,0,0,0,1,0
98,173,0,0,0,37.26,0,0,0,0,0,1,0,1,0,0,0,0,0,1,0
99,180,0,0,0,38.08,0,0,0,0,0,1,0,1,0,0,0,0,0,1,0
100,188,0,0,0,37.97,0,0,0,0,0,1,0,1,0,0,0,0,0,1,0
101,201,0,0,0,29.09,0,0,0,0,0,1,0,0,1,0,0,0,0,1,0
102,198,0,0,0,33.91,0,0,0,0,0,1,0,0,1,0,0,0,0,1,0
103,173,0,0,0,38.77,0,0,0,0,0,1,0,0,1,0,0,0,0,1,0
104,175,0,0,0,38.05,0,0,0,0,0,1,0,0,1,0,0,0,0,1,0
105,178,0,0,0,32.55,0,0,0,0,0,1,0,0,1,0,0,0,0,1,0
106,196,0,0,0,34.07,0,0,0,0,0,1,0,0,1,0,0,0,0,1,0
107,194,0,0,0,33.64,0,0,0,0,0,1,0,0,1,0,0,0,0,1,0
108,197,0,0,0,31.67,0,0,0,0,0,1,0,0,1,0,0,0,0,1,0
109,196,0,0,0,33.01,0,0,0,0,0,1,0,0,1,0,0,0,0,1,0
110,175,0,0,0,37.78,0,0,0,0,0,1,0,0,1,0,0,0,0,1,0
111,195,0,0,0,33.15,0,0,0,0,0,1,0,0,1,0,0,0,0,1,0
112,182,0,0,0,37.39,0,0,0,0,0,1,0,0,1,0,0,0,0,1,0
113,186,0,0,0,36.81,0,0,0,0,0,1,0,0,1,0,0,0,0,1,0
114,163,0,0,0,40.48,0,0,0,0,0,1,0,0,1,0,0,0,0,1,0
115,173,0,0,0,36.39,0,0,0,0,0,1,0,0,1,0,0,0,0,1,0
116,174,0,0,0,36.76,0,0,0,0,0,1,0,0,1,0,0,0,0,1,0
117,179,0,0,0,37.48,0,0,0,0,0,1,0,0,1,0,0,0,0,1,0
118,187,0,0,0,34.07,0,0,0,0,0,1,0,0,1,0,0,0,0,1,0
119,179,0,0,0,35.08,0,0,0,0,0,1,0,0,1,0,0,0,0,1,0
120,185,0,0,0,32.02,0,0,0,0,0,1,0,0,1,0,0,0,0,1,0
121,197,0,0,0,33.87,0,0,0,0,0,1,0,0,1,0,0,0,0,1,0
122,188,0,0,0,33.57,0,0,0,0,0,1,0,0,1,0,0,0,0,1,0
123,184,0,0,0,33.28,0,0,0,0,0,1,0,0,1,0,0,0,0,1,0
124,179,0,0,0,38.3,0,0,0,0,0,1,0,0,1,0,0,0,0,1,0
125,187,0,0,0,34.91,0,0,0,0,0,1,0,0,1,0,0,0,0,1,0
126,185,0,0,0,36.48,0,0,0,0,0,1,0,0,1,0,0,0,0,1,0
127,178,0,0,0,35.96,0,0,0,0,0,1,0,0,1,0,0,0,0,1,0
128,174,0,0,0,37.85,0,0,0,0,0,1,0,0,1,0,0,0,0,1,0
129,192,0,0,0,33.32,0,0,0,0,0,1,0,0,1,0,0,0,0,1,0
130,187,0,0,0,33.23,0,0,0,0,0,1,0,0,1,0,0,0,0,1,0
131,198,0,0,0,29.49,0,0,0,0,0,1,0,0,1,0,0,0,0,1,0
132,180,0,0,0,35.42,0,0,0,0,0,1,0,0,1,0,0,0,0,1,0
133,176,0,0,0,33.36,0,0,0,0,0,1,0,0,1,0,0,0,0,1,0
134,173,0,0,0,34.7,0,0,0,0,0,1,0,0,1,0,0,0,0,1,0
135,201,0,0,0,32.46,0,0,0,0,0,1,0,0,1,0,0,0,0,1,0
136,189,0,0,0,31.24,0,0,0,0,0,1,0,0,1,0,0,0,0,1,0
137,173,0,0,0,35.36,0,0,0,0,0,1,0,0,1,0,0,0,0,1,0
138,211,0,0,0,33.51,0,0,0,0,0,1,0,0,1,0,0,0,0,1,0
139,186,0,0,0,33.13,0,0,0,0,0,1,0,0,1,0,0,0,0,1,0
140,176,0,0,0,40.34,0,0,0,0,0,1,0,0,1,0,0,0,0,1,0
141,191,0,0,0,36.25,0,0,0,0,0,1,0,0,1,0,0,0,0,1,0
142,184,0,0,0,38.81,0,0,0,0,0,1,0,0,1,0,0,0,0,1,0
143,188,0,0,0,35.55,0,0,0,0,0,1,0,0,1,0,0,0,0,1,0
144,186,0,0,0,36.81,0,0,0,0,0,1,0,0,1,0,0,0,0,1,0
145,186,0,0,0,35.15,0,0,0,0,0,1,0,0,1,0,0,0,0,1,0
146,186,0,0,0,34.57,0,0,0,0,0,1,0,0,1,0,0,0,0,1,0
147,186,0,0,0,31.07,0,0,0,0,0,1,0,0,1,0,0,0,0,1,0
148,176,0,0,0,38.28,0,0,0,0,0,1,0,0,1,0,0,0,0,1,0
149,180,0,0,0,35.29,0,0,0,0,0,1,0,0,1,0,0,0,0,1,0
150,195,0,0,0,32.95,0,0,0,0,0,1,0,0,1,0,0,0,0,1,0
151,184,0,0,0,32.3,0,0,0,0,0,1,0,0,0,1,0,0,0,1,0
152,184,0,0,0,34.99,0,0,0,0,0,1,0,0,0,1,0,0,0,1,0
153,177,0,0,0,37.17,0,0,0,0,0,1,0,0,0,1,0,0,0,1,0
154,174,0,0,0,36.5,0,0,0,0,0,1,0,0,0,1,0,0,0,1,0
155,186,0,0,0,31.66,0,0,0,0,0,1,0,0,0,1,0,0,0,1,0
156,194,0,0,0,32.24,0,0,0,0,0,1,0,0,0,1,0,0,0,1,0
157,179,0,0,0,34.21,0,0,0,0,0,1,0,0,0,1,0,0,0,1,0
158,194,0,0,0,36.82,0,0,0,0,0,1,0,0,0,1,0,0,0,1,0
159,199,0,0,0,34.21,0,0,0,0,0,1,0,0,0,1,0,0,0,1,0
160,198,0,0,0,30.91,0,0,0,0,0,1,0,0,0,1,0,0,0,1,0
161,187,0,0,0,35.73,0,0,0,0,0,1,0,0,0,1,0,0,0,1,0
162,188,0,0,0,35.8,0,0,0,0,0,1,0,0,0,1,0,0,0,1,0
163,204,0,0,0,29.01,0,0,0,0,0,1,0,0,0,1,0,0,0,1,0
164,199,0,0,0,29.49,0,0,0,0,0,1,0,0,0,1,0,0,0,1,0
165,186,0,0,0,33.13,0,0,0,0,0,1,0,0,0,1,0,0,0,1,0
166,186,0,0,0,34.23,0,0,0,0,0,1,0,0,0,1,0,0,0,1,0
167,178,0,0,0,34.32,0,0,0,0,0,1,0,0,0,1,0,0,0,1,0
168,197,0,0,0,35.89,0,0,0,0,0,1,0,0,0,1,0,0,0,1,0
169,176,0,0,0,31.26,0,0,0,0,0,1,0,0,0,1,0,0,0,1,0
170,202,0,0,0,30.33,0,0,0,0,0,1,0,0,0,1,0,0,0,1,0
171,179,0,0,0,35.7,0,0,0,0,0,1,0,0,0,1,0,0,0,1,0
172,188,0,0,0,30.01,0,0,0,0,0,1,0,0,0,1,0,0,0,1,0
173,178,0,0,0,35.59,0,0,0,0,0,1,0,0,0,1,0,0,0,1,0
174,189,0,0,0,33.07,0,0,0,0,0,1,0,0,0,1,0,0,0,1,0
175,187,0,0,0,30.76,0,0,0,0,0,1,0,0,0,1,0,0,0,1,0
176,186,0,0,0,29.31,0,0,0,0,0,1,0,0,0,1,0,0,0,1,0
177,180,0,0,0,32.63,0,0,0,0,0,1,0,0,0,1,0,0,0,1,0
178,191,0,0,0,29.35,0,0,0,0,0,1,0,0,0,1,0,0,0,1,0
179,180,0,0,0,33.7,0,0,0,0,0,1,0,0,0,1,0,0,0,1,0
180,192,0,0,0,34.14,0,0,0,0,0,1,0,0,0,1,0,0,0,1,0
181,201,0,0,0,32.7,0,0,0,0,0,1,0,0,0,1,0,0,0,1,0
182,181,0,0,0,36.73,0,0,0,0,0,1,0,0,0,1,0,0,0,1,0
183,184,0,0,0,34.86,0,0,0,0,0,1,0,0,0,1,0,0,0,1,0
184,203,0,0,0,29.51,0,0,0,0,0,1,0,0,0,1,0,0,0,1,0
185,197,0,0,0,32.77,0,0,0,0,0,1,0,0,0,1,0,0,0,1,0
186,174,0,0,0,37.61,0,0,0,0,0,1,0,0,0,1,0,0,0,1,0
187,191,0,0,0,33.24,0,0,0,0,0,1,0,0,0,1,0,0,0,1,0
188,167,0,0,0,37.8,0,0,0,0,0,1,0,0,0,1,0,0,0,1,0
189,185,0,0,0,34.48,0,0,0,0,0,1,0,0,0,1,0,0,0,1,0
190,184,0,0,0,37.25,0,0,0,0,0,1,0,0,0,1,0,0,0,1,0
191,178,0,0,0,35.82,0,0,0,0,0,1,0,0,0,1,0,0,0,1,0
192,186,0,0,0,31.5,0,0,0,0,0,1,0,0,0,1,0,0,0,1,0
193,195,0,0,0,32.66,0,0,0,0,0,1,0,0,0,1,0,0,0,1,0
194,192,0,0,0,32.74,0,0,0,0,0,1,0,0,0,1,0,0,0,1,0
195,193,0,0,0,31.13,0,0,0,0,0,1,0,0,0,1,0,0,0,1,0
196,202,0,0,0,33.04,0,0,0,0,0,1,0,0,0,1,0,0,0,1,0
197,182,0,0,0,35.03,0,0,0,0,0,1,0,0,0,1,0,0,0,1,0
198,194,0,0,0,29.55,0,0,0,0,0,1,0,0,0,1,0,0,0,1,0
199,165,0,0,0,37.51,0,0,0,0,0,1,0,0,0,1,0,0,0,1,0
200,178,0,0,0,33.39,0,0,0,0,0,1,0,0,0,1,0,0,0,1,0
201,198,0,0,0,29.39,0,0,0,0,0,1,0,0,0,0,1,0,0,1,0
202,194,0,0,0,36.11,0,0,0,0,0,1,0,0,0,0,1,0,0,1,0
203,184,0,0,0,37.45,0,0,0,0,0,1,0,0,0,0,1,0,0,1,0
204,179,0,0,0,34.21,0,0,0,0,0,1,0,0,0,0,1,0,0,1,0
205,192,0,0,0,32.16,0,0,0,0,0,1,0,0,0,0,1,0,0,1,0
206,196,0,0,0,33.78,0,0,0,0,0,1,0,0,0,0,1,0,0,1,0
207,189,0,0,0,36.96,0,0,0,0,0,1,0,0,0,0,1,0,0,1,0
208,184,0,0,0,32.53,0,0,0,0,0,1,0,0,0,0,1,0,0,1,0
209,198,0,0,0,30.59,0,0,0,0,0,1,0,0,0,0,1,0,0,1,0
210,197,0,0,0,32.52,0,0,0,0,0,1,0,0,0,0,1,0,0,1,0
211,194,0,0,0,29.09,0,0,0,0,0,1,0,0,0,0,1,0,0,1,0
212,187,0,0,0,33.23,0,0,0,0,0,1,0,0,0,0,1,0,0,1,0
213,191,0,0,0,30.22,0,0,0,0,0,1,0,0,0,0,1,0,0,1,0
214,170,0,0,0,38.52,0,0,0,0,0,1,0,0,0,0,1,0,0,1,0
215,198,0,0,0,33.65,0,0,0,0,0,1,0,0,0,0,1,0,0,1,0
216,202,0,0,0,34.79,0,0,0,0,0,1,0,0,0,0,1,0,0,1,0
217,198,0,0,0,28.54,0,0,0,0,0,1,0,0,0,0,1,0,0,1,0
218,184,0,0,0,36.7,0,0,0,0,0,1,0,0,0,0,1,0,0,1,0
219,183,0,0,0,33.04,0,0,0,0,0,1,0,0,0,0,1,0,0,1,0
220,187,0,0,0,33.23,0,0,0,0,0,1,0,0,0,0,1,0,0,1,0
221,193,0,0,0,35.26,0,0,0,0,0,1,0,0,0,0,1,0,0,1,0
222,191,0,0,0,36.24,0,0,0,0,0,1,0,0,0,0,1,0,0,1,0
223,177,0,0,0,37.89,0,0,0,0,0,1,0,0,0,0,1,0,0,1,0
224,188,0,0,0,32.61,0,0,0,0,0,1,0,0,0,0,1,0,0,1,0
225,180,0,0,0,41.01,0,0,0,0,0,1,0,0,0,0,1,0,0,1,0
226,192,0,0,0,35.48,0,0,0,0,0,1,0,0,0,0,1,0,0,1,0
227,174,0,0,0,37.37,0,0,0,0,0,1,0,0,0,0,1,0,0,1,0
228,182,0,0,0,35.64,0,0,0,0,0,1,0,0,0,0,1,0,0,1,0
229,196,0,0,0,32.73,0,0,0,0,0,1,0,0,0,0,1,0,0,1,0
230,195,0,0,0,29.67,0,0,0,0,0,1,0,0,0,0,1,0,0,1,0
231,199,0,0,0,30.67,0,0,0,0,0,1,0,0,0,0,1,0,0,1,0
232,187,0,0,0,34.39,0,0,0,0,0,1,0,0,0,0,1,0,0,1,0
233,204,0,0,0,31.27,0,0,0,0,0,1,0,0,0,0,1,0,0,1,0
234,190,0,0,0,35.12,0,0,0,0,0,1,0,0,0,0,1,0,0,1,0
235,176,0,0,0,31.07,0,0,0,0,0,1,0,0,0,0,1,0,0,1,0
236,186,0,0,0,34.23,0,0,0,0,0,1,0,0,0,0,1,0,0,1,0
237,189,0,0,0,33.07,0,0,0,0,0,1,0,0,0,0,1,0,0,1,0
238,193,0,0,0,36.86,0,0,0,0,0,1,0,0,0,0,1,0,0,1,0
239,207,0,0,0,32.45,0,0,0,0,0,1,0,0,0,0,1,0,0,1,0
240,190,0,0,0,34.3,0,0,0,0,0,1,0,0,0,0,1,0,0,1,0
241,181,0,0,0,32.31,0,0,0,0,0,1,0,0,0,0,1,0,0,1,0
242,197,0,0,0,34.93,0,0,0,0,0,1,0,0,0,0,1,0,0,1,0
243,197,0,0,0,34.14,0,0,0,0,0,1,0,0,0,0,1,0,0,1,0
244,183,0,0,0,31.93,0,0,0,0,0,1,0,0,0,0,1,0,0,1,0
245,192,0,0,0,37.08,0,0,0,0,0,1,0,0,0,0,1,0,0,1,0
246,198,0,0,0,30.91,0,0,0,0,0,1,0,0,0,0,1,0,0,1,0
247,180,0,0,0,31.65,0,0,0,0,0,1,0,0,0,0,1,0,0,1,0
248,191,0,0,0,28.71,0,0,0,0,0,1,0,0,0,0,1,0,0,1,0
249,189,0,0,0,31.47,0,0,0,0,0,1,0,0,0,0,1,0,0,1,0
250,193,0,0,0,35.01,0,0,0,0,0,1,0,0,0,0,1,0,0,1,0
251,186,0,0,0,32.14,0,0,0,0,0,1,0,0,0,0,0,1,0,1,0
252,176,0,0,0,38.69,0,0,0,0,0,1,0,0,0,0,0,1,0,1,0
253,174,0,0,0,31.91,0,0,0,0,0,1,0,0,0,0,0,1,0,1,0
254,187,0,0,0,32.02,0,0,0,0,0,1,0,0,0,0,0,1,0,1,0
255,189,0,0,0,35.87,0,0,0,0,0,1,0,0,0,0,0,1,0,1,0
256,179,0,0,0,32.04,0,0,0,0,0,1,0,0,0,0,0,1,0,1,0
257,196,0,0,0,31.33,0,0,0,0,0,1,0,0,0,0,0,1,0,1,0
258,196,0,0,0,34.62,0,0,0,0,0,1,0,0,0,0,0,1,0,1,0
259,193,0,0,0,31.53,0,0,0,0,0,1,0,0,0,0,0,1,0,1,0
260,187,0,0,0,33.48,0,0,0,0,0,1,0,0,0,0,0,1,0,1,0
261,190,0,0,0,28.79,0,0,0,0,0,1,0,0,0,0,0,1,0,1,0
262,197,0,0,0,30.55,0,0,0,0,0,1,0,0,0,0,0,1,0,1,0
263,189,0,0,0,37.6,0,0,0,0,0,1,0,0,0,0,0,1,0,1,0
264,187,0,0,0,34.91,0,0,0,0,0,1,0,0,0,0,0,1,0,1,0
265,189,0,0,0,33.4,0,0,0,0,0,1,0,0,0,0,0,1,0,1,0
266,186,0,0,0,33.38,0,0,0,0,0,1,0,0,0,0,0,1,0,1,0
267,176,0,0,0,36.1,0,0,0,0,0,1,0,0,0,0,0,1,0,1,0
268,200,0,0,0,31.32,0,0,0,0,0,1,0,0,0,0,0,1,0,1,0
269,194,0,0,0,31.16,0,0,0,0,0,1,0,0,0,0,0,1,0,1,0
270,176,0,0,0,34.24,0,0,0,0,0,1,0,0,0,0,0,1,0,1,0
271,173,0,0,0,39.31,0,0,0,0,0,1,0,0,0,0,0,1,0,1,0
272,191,0,0,0,26.7,0,0,0,0,0,1,0,0,0,0,0,1,0,1,0
273,187,0,0,0,35.22,0,0,0,0,0,1,0,0,0,0,0,1,0,1,0
274,200,0,0,0,30.49,0,0,0,0,0,1,0,0,0,0,0,1,0,1,0
275,194,0,0,0,32.33,0,0,0,0,0,1,0,0,0,0,0,1,0,1,0
276,176,0,0,0,36.36,0,0,0,0,0,1,0,0,0,0,0,1,0,1,0
277,196,0,0,0,36.83,0,0,0,0,0,1,0,0,0,0,0,1,0,1,0
278,180,0,0,0,38.63,0,0,0,0,0,1,0,0,0,0,0,1,0,1,0
279,183,0,0,0,33.43,0,0,0,0,0,1,0,0,0,0,0,1,0,1,0
280,181,0,0,0,36.73,0,0,0,0,0,1,0,0,0,0,0,1,0,1,0
281,188,0,0,0,35.01,0,0,0,0,0,1,0,0,0,0,0,1,0,1,0
282,183,0,0,0,36.63,0,0,0,0,0,1,0,0,0,0,0,1,0,1,0
283,193,0,0,0,32.5,0,0,0,0,0,1,0,0,0,0,0,1,0,1,0
284,176,0,0,0,32.25,0,0,0,0,0,1,0,0,0,0,0,1,0,1,0
285,188,0,0,0,32.37,0,0,0,0,0,1,0,0,0,0,0,1,0,1,0
286,181,0,0,0,37.06,0,0,0,0,0,1,0,0,0,0,0,1,0,1,0
287,195,0,0,0,32.13,0,0,0,0,0,1,0,0,0,0,0,1,0,1,0
288,188,0,0,0,32.73,0,0,0,0,0,1,0,0,0,0,0,1,0,1,0
289,187,0,0,0,31.4,0,0,0,0,0,1,0,0,0,0,0,1,0,1,0
290,176,0,0,0,33.15,0,0,0,0,0,1,0,0,0,0,0,1,0,1,0
291,181,0,0,0,32.99,0,0,0,0,0,1,0,0,0,0,0,1,0,1,0
292,194,0,0,0,31.49,0,0,0,0,0,1,0,0,0,0,0,1,0,1,0
293,183,0,0,0,33.9,0,0,0,0,0,1,0,0,0,0,0,1,0,1,0
294,190,0,0,0,29.45,0,0,0,0,0,1,0,0,0,0,0,1,0,1,0
295,183,0,0,0,36.32,0,0,0,0,0,1,0,0,0,0,0,1,0,1,0
296,197,0,0,0,32.23,0,0,0,0,0,1,0,0,0,0,0,1,0,1,0
297,199,0,0,0,28.03,0,0,0,0,0,1,0,0,0,0,0,1,0,1,0
298,178,0,0,0,36.2,0,0,0,0,0,1,0,0,0,0,0,1,0,1,0
299,183,0,0,0,34.29,0,0,0,0,0,1,0,0,0,0,0,1,0,1,0
300,179,0,0,0,34.59,0,0,0,0,0,1,0,0,0,0,0,1,0,1,0
301,192,0,0,0,29.48,0,0,0,0,0,1,0,0,0,0,0,0,1,1,0
302,175,0,0,0,32.08,0,0,0,0,0,1,0,0,0,0,0,0,1,1,0
303,194,0,0,0,28.46,0,0,0,0,0,1,0,0,0,0,0,0,1,1,0
304,192,0,0,0,27.75,0,0,0,0,0,1,0,0,0,0,0,0,1,1,0
305,193,0,0,0,36.08,0,0,0,0,0,1,0,0,0,0,0,0,1,1,0
306,190,0,0,0,34.3,0,0,0,0,0,1,0,0,0,0,0,0,1,1,0
307,189,0,0,0,32.32,0,0,0,0,0,1,0,0,0,0,0,0,1,1,0
308,186,0,0,0,36.27,0,0,0,0,0,1,0,0,0,0,0,0,1,1,0
309,184,0,0,0,32.53,0,0,0,0,0,1,0,0,0,0,0,0,1,1,0
310,184,0,0,0,37.7,0,0,0,0,0,1,0,0,0,0,0,0,1,1,0
311,184,0,0,0,35.57,0,0,0,0,0,1,0,0,0,0,0,0,1,1,0
312,221,0,0,0,30.53,0,0,0,0,0,1,0,0,0,0,0,0,1,1,0
313,178,0,0,0,33.85,0,0,0,0,0,1,0,0,0,0,0,0,1,1,0
314,199,0,0,0,33.7,0,0,0,0,0,1,0,0,0,0,0,0,1,1,0
315,196,0,0,0,34.35,0,0,0,0,0,1,0,0,0,0,0,0,1,1,0
316,204,0,0,0,29.36,0,0,0,0,0,1,0,0,0,0,0,0,1,1,0
317,191,0,0,0,34.63,0,0,0,0,0,1,0,0,0,0,0,0,1,1,0
318,191,0,0,0,32.98,0,0,0,0,0,1,0,0,0,0,0,0,1,1,0
319,186,0,0,0,36.23,0,0,0,0,0,1,0,0,0,0,0,0,1,1,0
320,198,0,0,0,34.7,0,0,0,0,0,1,0,0,0,0,0,0,1,1,0
321,205,0,0,0,31.29,0,0,0,0,0,1,0,0,0,0,0,0,1,1,0
322,183,0,0,0,33.67,0,0,0,0,0,1,0,0,0,0,0,0,1,1,0
323,203,0,0,0,33.04,0,0,0,0,0,1,0,0,0,0,0,0,1,1,0
324,180,0,0,0,30.38,0,0,0,0,0,1,0,0,0,0,0,0,1,1,0
325,180,0,0,0,36.4,0,0,0,0,0,1,0,0,0,0,0,0,1,1,0
326,173,0,0,0,37.1,0,0,0,0,0,1,0,0,0,0,0,0,1,1,0
327,188,0,0,0,32.98,0,0,0,0,0,1,0,0,0,0,0,0,1,1,0
328,198,0,0,0,32.85,0,0,0,0,0,1,0,0,0,0,0,0,1,1,0
329,203,0,0,0,32.81,0,0,0,0,0,1,0,0,0,0,0,0,1,1,0
330,187,0,0,0,30.76,0,0,0,0,0,1,0,0,0,0,0,0,1,1,0
331,183,0,0,0,38.49,0,0,0,0,0,1,0,0,0,0,0,0,1,1,0
332,185,0,0,0,34.81,0,0,0,0,0,1,0,0,0,0,0,0,1,1,0
333,194,0,0,0,29.33,0,0,0,0,0,1,0,0,0,0,0,0,1,1,0
334,185,0,0,0,37.29,0,0,0,0,0,1,0,0,0,0,0,0,1,1,0
335,170,0,0,0,37.34,0,0,0,0,0,1,0,0,0,0,0,0,1,1,0
336,205,0,0,0,29.7,0,0,0,0,0,1,0,0,0,0,0,0,1,1,0
337,190,0,0,0,30.73,0,0,0,0,0,1,0,0,0,0,0,0,1,1,0
338,188,0,0,0,33.82,0,0,0,0,0,1,0,0,0,0,0,0,1,1,0
339,196,0,0,0,34.87,0,0,0,0,0,1,0,0,0,0,0,0,1,1,0
340,182,0,0,0,38.46,0,0,0,0,0,1,0,0,0,0,0,0,1,1,0
341,176,0,0,0,38.05,0,0,0,0,0,1,0,0,0,0,0,0,1,1,0
342,184,0,0,0,35.3,0,0,0,0,0,1,0,0,0,0,0,0,1,1,0
343,196,0,0,0,33.82,0,0,0,0,0,1,0,0,0,0,0,0,1,1,0
344,191,0,0,0,34.09,0,0,0,0,0,1,0,0,0,0,0,0,1,1,0
345,179,0,0,0,34.45,0,0,0,0,0,1,0,0,0,0,0,0,1,1,0
346,193,0,0,0,35.81,0,0,0,0,0,1,0,0,0,0,0,0,1,1,0
347,195,0,0,0,33.22,0,0,0,0,0,1,0,0,0,0,0,0,1,1,0
348,189,0,0,0,35.61,0,0,0,0,0,1,0,0,0,0,0,0,1,1,0
349,178,0,0,0,33.44,0,0,0,0,0,1,0,0,0,0,0,0,1,1,0
350,195,0,0,0,30.52,0,0,0,0,0,1,0,0,0,0,0,0,1,1,0
351,698,0,0,0,19.74,0,0,0,0,0,1,1,0,0,0,0,0,0,0,1
352,709,0,0,0,19.61,0,0,0,0,0,1,1,0,0,0,0,0,0,0,1
353,692,0,0,0,18.26,0,0,0,0,0,1,1,0,0,0,0,0,0,0,1
354,683,0,0,0,21.68,0,0,0,0,0,1,1,0,0,0,0,0,0,0,1
355,703,0,0,0,21.09,0,0,0,0,0,1,1,0,0,0,0,0,0,0,1
356,703,0,0,0,20.56,0,0,0,0,0,1,1,0,0,0,0,0,0,0,1
357,663,0,0,0,20.58,0,0,0,0,0,1,1,0,0,0,0,0,0,0,1
358,714,0,0,0,20.54,0,0,0,0,0,1,1,0,0,0,0,0,0,0,1
359,664,0,0,0,20.58,0,0,0,0,0,1,1,0,0,0,0,0,0,0,1
360,704,0,0,0,19.51,0,0,0,0,0,1,1,0,0,0,0,0,0,0,1
361,703,0,0,0,21.71,0,0,0,0,0,1,1,0,0,0,0,0,0,0,1
362,721,0,0,0,23.06,0,0,0,0,0,1,1,0,0,0,0,0,0,0,1
363,675,0,0,0,20.9,0,0,0,0,0,1,1,0,0,0,0,0,0,0,1
364,705,0,0,0,23.12,0,0,0,0,0,1,1,0,0,0,0,0,0,0,1
365,704,0,0,0,21.13,0,0,0,0,0,1,1,0,0,0,0,0,0,0,1
366,697,0,0,0,20.93,0,0,0,0,0,1,1,0,0,0,0,0,0,0,1
367,731,0,0,0,23.77,0,0,0,0,0,1,1,0,0,0,0,0,0,0,1
368,696,0,0,0,23.42,0,0,0,0,0,1,1,0,0,0,0,0,0,0,1
369,743,0,0,0,19.81,0,0,0,0,0,1,1,0,0,0,0,0,0,0,1
370,711,0,0,0,19.18,0,0,0,0,0,1,1,0,0,0,0,0,0,0,1
371,643,0,0,0,24.21,0,0,0,0,0,1,1,0,0,0,0,0,0,0,1
372,715,0,0,0,19.37,0,0,0,0,0,1,1,0,0,0,0,0,0,0,1
373,749,0,0,0,22.71,0,0,0,0,0,1,1,0,0,0,0,0,0,0,1
374,677,0,0,0,18.7,0,0,0,0,0,1,1,0,0,0,0,0,0,0,1
375,683,0,0,0,20.22,0,0,0,0,0,1,1,0,0,0,0,0,0,0,1
376,713,0,0,0,19.47,0,0,0,0,0,1,1,0,0,0,0,0,0,0,1
377,741,0,0,0,20.41,0,0,0,0,0,1,1,0,0,0,0,0,0,0,1
378,672,0,0,0,20.91,0,0,0,0,0,1,1,0,0,0,0,0,0,0,1
379,661,0,0,0,20.93,0,0,0,0,0,1,1,0,0,0,0,0,0,0,1
380,692,0,0,0,20.26,0,0,0,0,0,1,1,0,0,0,0,0,0,0,1
381,746,0,0,0,20.74,0,0,0,0,0,1,1,0,0,0,0,0,0,0,1
382,700,0,0,0,21.11,0,0,0,0,0,1,1,0,0,0,0,0,0,0,1
383,716,0,0,0,24.41,0,0,0,0,0,1,1,0,0,0,0,0,0,0,1
384,716,0,0,0,20.09,0,0,0,0,0,1,1,0,0,0,0,0,0,0,1
385,721,0,0,0,20.8,0,0,0,0,0,1,1,0,0,0,0,0,0,0,1
386,719,0,0,0,21.81,0,0,0,0,0,1,1,0,0,0,0,0,0,0,1
387,684,0,0,0,26.37,0,0,0,0,0,1,1,0,0,0,0,0,0,0,1
388,730,0,0,0,19.12,0,0,0,0,0,1,1,0,0,0,0,0,0,0,1
389,755,0,0,0,20.83,0,0,0,0,0,1,1,0,0,0,0,0,0,0,1
390,691,0,0,0,21.88,0,0,0,0,0,1,1,0,0,0,0,0,0,0,1
391,697,0,0,0,20.67,0,0,0,0,0,1,1,0,0,0,0,0,0,0,1
392,739,0,0,0,19.81,0,0,0,0,0,1,1,0,0,0,0,0,0,0,1
393,694,0,0,0,22.64,0,0,0,0,0,1,1,0,0,0,0,0,0,0,1
394,695,0,0,0,19.03,0,0,0,0,0,1,1,0,0,0,0,0,0,0,1
395,678,0,0,0,21.53,0,0,0,0,0,1,1,0,0,0,0,0,0,0,1
396,687,0,0,0,19.17,0,0,0,0,0,1,1,0,0,0,0,0,0,0,1
397,693,0,0,0,20.96,0,0,0,0,0,1,1,0,0,0,0,0,0,0,1
398,715,0,0,0,22.16,0,0,0,0,0,1,1,0,0,0,0,0,0,0,1
399,681,0,0,0,18.94,0,0,0,0,0,1,1,0,0,0,0,0,0,0,1
400,709,0,0,0,21.85,0,0,0,0,0,1,1,0,0,0,0,0,0,0,1
401,777,0,0,0,20.81,0,0,0,0,0,1,0,1,0,0,0,0,0,0,1
402,772,0,0,0,20.12,0,0,0,0,0,1,0,1,0,0,0,0,0,0,1
403,748,0,0,0,20.5,0,0,0,0,0,1,0,1,0,0,0,0,0,0,1
404,715,0,0,0,19.24,0,0,0,0,0,1,0,1,0,0,0,0,0,0,1
405,657,0,0,0,22.52,0,0,0,0,0,1,0,1,0,0,0,0,0,0,1
406,688,0,0,0,19.7,0,0,0,0,0,1,0,1,0,0,0,0,0,0,1
407,777,0,0,0,18.02,0,0,0,0,0,1,0,1,0,0,0,0,0,0,1
408,711,0,0,0,19.53,0,0,0,0,0,1,0,1,0,0,0,0,0,0,1
409,695,0,0,0,21.89,0,0,0,0,0,1,0,1,0,0,0,0,0,0,1
410,725,0,0,0,19.53,0,0,0,0,0,1,0,1,0,0,0,0,0,0,1
411,773,0,0,0,18.95,0,0,0,0,0,1,0,1,0,0,0,0,0,0,1
412,761,0,0,0,19.92,0,0,0,0,0,1,0,1,0,0,0,0,0,0,1
413,739,0,0,0,19.26,0,0,0,0,0,1,0,1,0,0,0,0,0,0,1
414,691,0,0,0,21.86,0,0,0,0,0,1,0,1,0,0,0,0,0,0,1
415,681,0,0,0,21.58,0,0,0,0,0,1,0,1,0,0,0,0,0,0,1
416,718,0,0,0,18.65,0,0,0,0,0,1,0,1,0,0,0,0,0,0,1
417,724,0,0,0,18.37,0,0,0,0,0,1,0,1,0,0,0,0,0,0,1
418,775,0,0,0,18.55,0,0,0,0,0,1,0,1,0,0,0,0,0,0,1
419,706,0,0,0,19.01,0,0,0,0,0,1,0,1,0,0,0,0,0,0,1
420,731,0,0,0,21.4,0,0,0,0,0,1,0,1,0,0,0,0,0,0,1
421,688,0,0,0,20.52,0,0,0,0,0,1,0,1,0,0,0,0,0,0,1
422,764,0,0,0,17.42,0,0,0,0,0,1,0,1,0,0,0,0,0,0,1
423,720,0,0,0,19.56,0,0,0,0,0,1,0,1,0,0,0,0,0,0,1
424,693,0,0,0,21.57,0,0,0,0,0,1,0,1,0,0,0,0,0,0,1
425,738,0,0,0,18.42,0,0,0,0,0,1,0,1,0,0,0,0,0,0,1
426,805,0,0,0,16.31,0,0,0,0,0,1,0,1,0,0,0,0,0,0,1
427,686,0,0,0,17.41,0,0,0,0,0,1,0,1,0,0,0,0,0,0,1
428,710,0,0,0,19.54,0,0,0,0,0,1,0,1,0,0,0,0,0,0,1
429,738,0,0,0,19.98,0,0,0,0,0,1,0,1,0,0,0,0,0,0,1
430,726,0,0,0,18.05,0,0,0,0,0,1,0,1,0,0,0,0,0,0,1
431,715,0,0,0,21.57,0,0,0,0,0,1,0,1,0,0,0,0,0,0,1
432,726,0,0,0,20.94,0,0,0,0,0,1,0,1,0,0,0,0,0,0,1
433,715,0,0,0,19.83,0,0,0,0,0,1,0,1,0,0,0,0,0,0,1
434,778,0,0,0,18.76,0,0,0,0,0,1,0,1,0,0,0,0,0,0,1
435,706,0,0,0,20.25,0,0,0,0,0,1,0,1,0,0,0,0,0,0,1
436,734,0,0,0,18.21,0,0,0,0,0,1,0,1,0,0,0,0,0,0,1
437,765,0,0,0,19.24,0,0,0,0,0,1,0,1,0,0,0,0,0,0,1
438,693,0,0,0,21.22,0,0,0,0,0,1,0,1,0,0,0,0,0,0,1
439,739,0,0,0,20.05,0,0,0,0,0,1,0,1,0,0,0,0,0,0,1
440,744,0,0,0,20.49,0,0,0,0,0,1,0,1,0,0,0,0,0,0,1
441,671,0,0,0,18.48,0,0,0,0,0,1,0,1,0,0,0,0,0,0,1
442,767,0,0,0,19.96,0,0,0,0,0,1,0,1,0,0,0,0,0,0,1
443,753,0,0,0,18.91,0,0,0,0,0,1,0,1,0,0,0,0,0,0,1
444,726,0,0,0,19.9,0,0,0,0,0,1,0,1,0,0,0,0,0,0,1
445,759,0,0,0,18.55,0,0,0,0,0,1,0,1,0,0,0,0,0,0,1
446,758,0,0,0,20.6,0,0,0,0,0,1,0,1,0,0,0,0,0,0,1
447,737,0,0,0,16.4,0,0,0,0,0,1,0,1,0,0,0,0,0,0,1
448,732,0,0,0,18.51,0,0,0,0,0,1,0,1,0,0,0,0,0,0,1
449,742,0,0,0,20.1,0,0,0,0,0,1,0,1,0,0,0,0,0,0,1
450,770,0,0,0,20.08,0,0,0,0,0,1,0,1,0,0,0,0,0,0,1
451,638,0,0,0,20.25,0,0,0,0,0,1,0,0,1,0,0,0,0,0,1
452,743,0,0,0,19.96,0,0,0,0,0,1,0,0,1,0,0,0,0,0,1
453,716,0,0,0,18.66,0,0,0,0,0,1,0,0,1,0,0,0,0,0,1
454,763,0,0,0,23.09,0,0,0,0,0,1,0,0,1,0,0,0,0,0,1
455,704,0,0,0,19.55,0,0,0,0,0,1,0,0,1,0,0,0,0,0,1
456,710,0,0,0,17.85,0,0,0,0,0,1,0,0,1,0,0,0,0,0,1
457,779,0,0,0,18.01,0,0,0,0,0,1,0,0,1,0,0,0,0,0,1
458,734,0,0,0,19.55,0,0,0,0,0,1,0,0,1,0,0,0,0,0,1
459,691,0,0,0,20.13,0,0,0,0,0,1,0,0,1,0,0,0,0,0,1
460,685,0,0,0,18.45,0,0,0,0,0,1,0,0,1,0,0,0,0,0,1
461,731,0,0,0,18.23,0,0,0,0,0,1,0,0,1,0,0,0,0,0,1
462,696,0,0,0,19.37,0,0,0,0,0,1,0,0,1,0,0,0,0,0,1
463,709,0,0,0,19.11,0,0,0,0,0,1,0,0,1,0,0,0,0,0,1
464,701,0,0,0,19.37,0,0,0,0,0,1,0,0,1,0,0,0,0,0,1
465,680,0,0,0,18.5,0,0,0,0,0,1,0,0,1,0,0,0,0,0,1
466,725,0,0,0,17.64,0,0,0,0,0,1,0,0,1,0,0,0,0,0,1
467,724,0,0,0,17.1,0,0,0,0,0,1,0,0,1,0,0,0,0,0,1
468,695,0,0,0,19.92,0,0,0,0,0,1,0,0,1,0,0,0,0,0,1
469,702,0,0,0,19.38,0,0,0,0,0,1,0,0,1,0,0,0,0,0,1
470,712,0,0,0,19.24,0,0,0,0,0,1,0,0,1,0,0,0,0,0,1
471,695,0,0,0,19.78,0,0,0,0,0,1,0,0,1,0,0,0,0,0,1
472,775,0,0,0,18.12,0,0,0,0,0,1,0,0,1,0,0,0,0,0,1
473,718,0,0,0,18.36,0,0,0,0,0,1,0,0,1,0,0,0,0,0,1
474,760,0,0,0,19.51,0,0,0,0,0,1,0,0,1,0,0,0,0,0,1
475,677,0,0,0,20.55,0,0,0,0,0,1,0,0,1,0,0,0,0,0,1
476,718,0,0,0,19.57,0,0,0,0,0,1,0,0,1,0,0,0,0,0,1
477,744,0,0,0,19.74,0,0,0,0,0,1,0,0,1,0,0,0,0,0,1
478,727,0,0,0,19.92,0,0,0,0,0,1,0,0,1,0,0,0,0,0,1
479,706,0,0,0,19.24,0,0,0,0,0,1,0,0,1,0,0,0,0,0,1
480,787,0,0,0,18.25,0,0,0,0,0,1,0,0,1,0,0,0,0,0,1
481,815,0,0,0,19.11,0,0,0,0,0,1,0,0,1,0,0,0,0,0,1
482,727,0,0,0,21.09,0,0,0,0,0,1,0,0,1,0,0,0,0,0,1
483,757,0,0,0,20.79,0,0,0,0,0,1,0,0,1,0,0,0,0,0,1
484,782,0,0,0,17.48,0,0,0,0,0,1,0,0,1,0,0,0,0,0,1
485,742,0,0,0,19.84,0,0,0,0,0,1,0,0,1,0,0,0,0,0,1
486,655,0,0,0,21.82,0,0,0,0,0,1,0,0,1,0,0,0,0,0,1
487,780,0,0,0,18.81,0,0,0,0,0,1,0,0,1,0,0,0,0,0,1
488,754,0,0,0,18.77,0,0,0,0,0,1,0,0,1,0,0,0,0,0,1
489,710,0,0,0,20.84,0,0,0,0,0,1,0,0,1,0,0,0,0,0,1
490,677,0,0,0,18.67,0,0,0,0,0,1,0,0,1,0,0,0,0,0,1
491,678,0,0,0,18.96,0,0,0,0,0,1,0,0,1,0,0,0,0,0,1
492,702,0,0,0,22.7,0,0,0,0,0,1,0,0,1,0,0,0,0,0,1
493,746,0,0,0,20.37,0,0,0,0,0,1,0,0,1,0,0,0,0,0,1
494,736,0,0,0,19.55,0,0,0,0,0,1,0,0,1,0,0,0,0,0,1
495,706,0,0,0,19.3,0,0,0,0,0,1,0,0,1,0,0,0,0,0,1
496,704,0,0,0,18.33,0,0,0,0,0,1,0,0,1,0,0,0,0,0,1
497,743,0,0,0,20.07,0,0,0,0,0,1,0,0,1,0,0,0,0,0,1
498,754,0,0,0,17.99,0,0,0,0,0,1,0,0,1,0,0,0,0,0,1
499,672,0,0,0,21.16,0,0,0,0,0,1,0,0,1,0,0,0,0,0,1
500,720,0,0,0,16.63,0,0,0,0,0,1,0,0,1,0,0,0,0,0,1
501,812,0,0,0,19.18,0,0,0,0,0,1,0,0,0,1,0,0,0,0,1
502,857,0,0,0,17.18,0,0,0,0,0,1,0,0,0,1,0,0,0,0,1
503,827,0,0,0,17.52,0,0,0,0,0,1,0,0,0,1,0,0,0,0,1
504,670,0,0,0,23.25,0,0,0,0,0,1,0,0,0,1,0,0,0,0,1
505,755,0,0,0,17.75,0,0,0,0,0,1,0,0,0,1,0,0,0,0,1
506,795,0,0,0,19.25,0,0,0,0,0,1,0,0,0,1,0,0,0,0,1
507,816,0,0,0,18.72,0,0,0,0,0,1,0,0,0,1,0,0,0,0,1
508,796,0,0,0,16.8,0,0,0,0,0,1,0,0,0,1,0,0,0,0,1
509,840,0,0,0,17.73,0,0,0,0,0,1,0,0,0,1,0,0,0,0,1
510,663,0,0,0,19.81,0,0,0,0,0,1,0,0,0,1,0,0,0,0,1
511,807,0,0,0,20.02,0,0,0,0,0,1,0,0,0,1,0,0,0,0,1
512,840,0,0,0,17.82,0,0,0,0,0,1,0,0,0,1,0,0,0,0,1
513,837,0,0,0,19.93,0,0,0,0,0,1,0,0,0,1,0,0,0,0,1
514,800,0,0,0,16.71,0,0,0,0,0,1,0,0,0,1,0,0,0,0,1
515,711,0,0,0,17.16,0,0,0,0,0,1,0,0,0,1,0,0,0,0,1
516,816,0,0,0,17.18,0,0,0,0,0,1,0,0,0,1,0,0,0,0,1
517,703,0,0,0,17.97,0,0,0,0,0,1,0,0,0,1,0,0,0,0,1
518,847,0,0,0,16.5,0,0,0,0,0,1,0,0,0,1,0,0,0,0,1
519,868,0,0,0,16.13,0,0,0,0,0,1,0,0,0,1,0,0,0,0,1
520,803,0,0,0,16.44,0,0,0,0,0,1,0,0,0,1,0,0,0,0,1
521,813,0,0,0,17.58,0,0,0,0,0,1,0,0,0,1,0,0,0,0,1
522,835,0,0,0,15.47,0,0,0,0,0,1,0,0,0,1,0,0,0,0,1
523,828,0,0,0,17.9,0,0,0,0,0,1,0,0,0,1,0,0,0,0,1
524,810,0,0,0,17.93,0,0,0,0,0,1,0,0,0,1,0,0,0,0,1
525,890,0,0,0,16.77,0,0,0,0,0,1,0,0,0,1,0,0,0,0,1
526,867,0,0,0,17.37,0,0,0,0,0,1,0,0,0,1,0,0,0,0,1
527,834,0,0,0,17.08,0,0,0,0,0,1,0,0,0,1,0,0,0,0,1
528,853,0,0,0,18.82,0,0,0,0,0,1,0,0,0,1,0,0,0,0,1
529,856,0,0,0,18.58,0,0,0,0,0,1,0,0,0,1,0,0,0,0,1
530,843,0,0,0,17.59,0,0,0,0,0,1,0,0,0,1,0,0,0,0,1
531,858,0,0,0,16.87,0,0,0,0,0,1,0,0,0,1,0,0,0,0,1
532,804,0,0,0,18.22,0,0,0,0,0,1,0,0,0,1,0,0,0,0,1
533,833,0,0,0,16.15,0,0,0,0,0,1,0,0,0,1,0,0,0,0,1
534,849,0,0,0,17.21,0,0,0,0,0,1,0,0,0,1,0,0,0,0,1
535,807,0,0,0,18.07,0,0,0,0,0,1,0,0,0,1,0,0,0,0,1
536,835,0,0,0,18.76,0,0,0,0,0,1,0,0,0,1,0,0,0,0,1
537,687,0,0,0,19.92,0,0,0,0,0,1,0,0,0,1,0,0,0,0,1
538,773,0,0,0,19.35,0,0,0,0,0,1,0,0,0,1,0,0,0,0,1
539,675,0,0,0,20.69,0,0,0,0,0,1,0,0,0,1,0,0,0,0,1
540,840,0,0,0,17.81,0,0,0,0,0,1,0,0,0,1,0,0,0,0,1
541,845,0,0,0,16.73,0,0,0,0,0,1,0,0,0,1,0,0,0,0,1
542,817,0,0,0,17.76,0,0,0,0,0,1,0,0,0,1,0,0,0,0,1
543,827,0,0,0,19.12,0,0,0,0,0,1,0,0,0,1,0,0,0,0,1
544,809,0,0,0,18.01,0,0,0,0,0,1,0,0,0,1,0,0,0,0,1
545,829,0,0,0,18.55,0,0,0,0,0,1,0,0,0,1,0,0,0,0,1
546,816,0,0,0,17.74,0,0,0,0,0,1,0,0,0,1,0,0,0,0,1
547,759,0,0,0,19.14,0,0,0,0,0,1,0,0,0,1,0,0,0,0,1
548,809,0,0,0,19.85,0,0,0,0,0,1,0,0,0,1,0,0,0,0,1
549,894,0,0,0,15.99,0,0,0,0,0,1,0,0,0,1,0,0,0,0,1
550,831,0,0,0,16.69,0,0,0,0,0,1,0,0,0,1,0,0,0,0,1
551,874,0,0,0,17.93,0,0,0,0,0,1,0,0,0,0,1,0,0,0,1
552,880,0,0,0,16.5,0,0,0,0,0,1,0,0,0,0,1,0,0,0,1
553,914,0,0,0,15.18,0,0,0,0,0,1,0,0,0,0,1,0,0,0,1
554,895,0,0,0,15.71,0,0,0,0,0,1,0,0,0,0,1,0,0,0,1
555,814,0,0,0,16.94,0,0,0,0,0,1,0,0,0,0,1,0,0,0,1
556,839,0,0,0,16.69,0,0,0,0,0,1,0,0,0,0,1,0,0,0,1
557,837,0,0,0,16.52,0,0,0,0,0,1,0,0,0,0,1,0,0,0,1
558,861,0,0,0,18.38,0,0,0,0,0,1,0,0,0,0,1,0,0,0,1
559,835,0,0,0,16.11,0,0,0,0,0,1,0,0,0,0,1,0,0,0,1
560,839,0,0,0,16.45,0,0,0,0,0,1,0,0,0,0,1,0,0,0,1
561,871,0,0,0,16.25,0,0,0,0,0,1,0,0,0,0,1,0,0,0,1
562,863,0,0,0,15.49,0,0,0,0,0,1,0,0,0,0,1,0,0,0,1
563,894,0,0,0,16.71,0,0,0,0,0,1,0,0,0,0,1,0,0,0,1
564,832,0,0,0,19.21,0,0,0,0,0,1,0,0,0,0,1,0,0,0,1
565,844,0,0,0,18.45,0,0,0,0,0,1,0,0,0,0,1,0,0,0,1
566,867,0,0,0,18.66,0,0,0,0,0,1,0,0,0,0,1,0,0,0,1
567,846,0,0,0,18.68,0,0,0,0,0,1,0,0,0,0,1,0,0,0,1
568,857,0,0,0,16.77,0,0,0,0,0,1,0,0,0,0,1,0,0,0,1
569,849,0,0,0,16.93,0,0,0,0,0,1,0,0,0,0,1,0,0,0,1
570,818,0,0,0,17.8,0,0,0,0,0,1,0,0,0,0,1,0,0,0,1
571,855,0,0,0,17.07,0,0,0,0,0,1,0,0,0,0,1,0,0,0,1
572,856,0,0,0,15.24,0,0,0,0,0,1,0,0,0,0,1,0,0,0,1
573,825,0,0,0,18.02,0,0,0,0,0,1,0,0,0,0,1,0,0,0,1
574,854,0,0,0,19.09,0,0,0,0,0,1,0,0,0,0,1,0,0,0,1
575,845,0,0,0,15.72,0,0,0,0,0,1,0,0,0,0,1,0,0,0,1
576,873,0,0,0,16.4,0,0,0,0,0,1,0,0,0,0,1,0,0,0,1
577,913,0,0,0,15.27,0,0,0,0,0,1,0,0,0,0,1,0,0,0,1
578,856,0,0,0,17.57,0,0,0,0,0,1,0,0,0,0,1,0,0,0,1
579,858,0,0,0,17.12,0,0,0,0,0,1,0,0,0,0,1,0,0,0,1
580,836,0,0,0,17.62,0,0,0,0,0,1,0,0,0,0,1,0,0,0,1
581,880,0,0,0,15.89,0,0,0,0,0,1,0,0,0,0,1,0,0,0,1
582,849,0,0,0,17.39,0,0,0,0,0,1,0,0,0,0,1,0,0,0,1
583,874,0,0,0,16.46,0,0,0,0,0,1,0,0,0,0,1,0,0,0,1
584,817,0,0,0,16.55,0,0,0,0,0,1,0,0,0,0,1,0,0,0,1
585,856,0,0,0,16.65,0,0,0,0,0,1,0,0,0,0,1,0,0,0,1
586,868,0,0,0,17.53,0,0,0,0,0,1,0,0,0,0,1,0,0,0,1
587,874,0,0,0,15.31,0,0,0,0,0,1,0,0,0,0,1,0,0,0,1
588,867,0,0,0,17.96,0,0,0,0,0,1,0,0,0,0,1,0,0,0,1
589,878,0,0,0,17.18,0,0,0,0,0,1,0,0,0,0,1,0,0,0,1
590,891,0,0,0,17.29,0,0,0,0,0,1,0,0,0,0,1,0,0,0,1
591,823,0,0,0,17.74,0,0,0,0,0,1,0,0,0,0,1,0,0,0,1
592,848,0,0,0,16.29,0,0,0,0,0,1,0,0,0,0,1,0,0,0,1
593,827,0,0,0,16.27,0,0,0,0,0,1,0,0,0,0,1,0,0,0,1
594,892,0,0,0,17.31,0,0,0,0,0,1,0,0,0,0,1,0,0,0,1
595,842,0,0,0,18.64,0,0,0,0,0,1,0,0,0,0,1,0,0,0,1
596,879,0,0,0,16.9,0,0,0,0,0,1,0,0,0,0,1,0,0,0,1
597,798,0,0,0,19.83,0,0,0,0,0,1,0,0,0,0,1,0,0,0,1
598,852,0,0,0,17.56,0,0,0,0,0,1,0,0,0,0,1,0,0,0,1
599,833,0,0,0,18.61,0,0,0,0,0,1,0,0,0,0,1,0,0,0,1
600,865,0,0,0,15.94,0,0,0,0,0,1,0,0,0,0,1,0,0,0,1
601,901,0,0,0,15.33,0,0,0,0,0,1,0,0,0,0,0,1,0,0,1
602,910,0,0,0,16.97,0,0,0,0,0,1,0,0,0,0,0,1,0,0,1
603,889,0,0,0,17.99,0,0,0,0,0,1,0,0,0,0,0,1,0,0,1
604,857,0,0,0,16.65,0,0,0,0,0,1,0,0,0,0,0,1,0,0,1
605,674,0,0,0,21.06,0,0,0,0,0,1,0,0,0,0,0,1,0,0,1
606,958,0,0,0,15.86,0,0,0,0,0,1,0,0,0,0,0,1,0,0,1
607,905,0,0,0,15.54,0,0,0,0,0,1,0,0,0,0,0,1,0,0,1
608,928,0,0,0,16.33,0,0,0,0,0,1,0,0,0,0,0,1,0,0,1
609,934,0,0,0,14.84,0,0,0,0,0,1,0,0,0,0,0,1,0,0,1
610,884,0,0,0,17.96,0,0,0,0,0,1,0,0,0,0,0,1,0,0,1
611,925,0,0,0,16.18,0,0,0,0,0,1,0,0,0,0,0,1,0,0,1
612,905,0,0,0,17.72,0,0,0,0,0,1,0,0,0,0,0,1,0,0,1
613,906,0,0,0,15.37,0,0,0,0,0,1,0,0,0,0,0,1,0,0,1
614,956,0,0,0,15.83,0,0,0,0,0,1,0,0,0,0,0,1,0,0,1
615,909,0,0,0,15.96,0,0,0,0,0,1,0,0,0,0,0,1,0,0,1
616,934,0,0,0,16.22,0,0,0,0,0,1,0,0,0,0,0,1,0,0,1
617,905,0,0,0,18.74,0,0,0,0,0,1,0,0,0,0,0,1,0,0,1
618,911,0,0,0,15.42,0,0,0,0,0,1,0,0,0,0,0,1,0,0,1
619,940,0,0,0,15.39,0,0,0,0,0,1,0,0,0,0,0,1,0,0,1
620,930,0,0,0,17.45,0,0,0,0,0,1,0,0,0,0,0,1,0,0,1
621,955,0,0,0,13.44,0,0,0,0,0,1,0,0,0,0,0,1,0,0,1
622,953,0,0,0,15.3,0,0,0,0,0,1,0,0,0,0,0,1,0,0,1
623,937,0,0,0,16.4,0,0,0,0,0,1,0,0,0,0,0,1,0,0,1
624,942,0,0,0,16.3,0,0,0,0,0,1,0,0,0,0,0,1,0,0,1
625,937,0,0,0,15.54,0,0,0,0,0,1,0,0,0,0,0,1,0,0,1
626,866,0,0,0,15.69,0,0,0,0,0,1,0,0,0,0,0,1,0,0,1
627,951,0,0,0,17.67,0,0,0,0,0,1,0,0,0,0,0,1,0,0,1
628,945,0,0,0,16.54,0,0,0,0,0,1,0,0,0,0,0,1,0,0,1
629,901,0,0,0,16.3,0,0,0,0,0,1,0,0,0,0,0,1,0,0,1
630,934,0,0,0,15.43,0,0,0,0,0,1,0,0,0,0,0,1,0,0,1
631,909,0,0,0,18.31,0,0,0,0,0,1,0,0,0,0,0,1,0,0,1
632,913,0,0,0,16.22,0,0,0,0,0,1,0,0,0,0,0,1,0,0,1
633,914,0,0,0,16.36,0,0,0,0,0,1,0,0,0,0,0,1,0,0,1
634,918,0,0,0,14.4,0,0,0,0,0,1,0,0,0,0,0,1,0,0,1
635,880,0,0,0,14.75,0,0,0,0,0,1,0,0,0,0,0,1,0,0,1
636,897,0,0,0,16.74,0,0,0,0,0,1,0,0,0,0,0,1,0,0,1
637,900,0,0,0,16.05,0,0,0,0,0,1,0,0,0,0,0,1,0,0,1
638,882,0,0,0,16.4,0,0,0,0,0,1,0,0,0,0,0,1,0,0,1
639,933,0,0,0,15.3,0,0,0,0,0,1,0,0,0,0,0,1,0,0,1
640,919,0,0,0,15.86,0,0,0,0,0,1,0,0,0,0,0,1,0,0,1
641,936,0,0,0,17.14,0,0,0,0,0,1,0,0,0,0,0,1,0,0,1
642,915,0,0,0,16.31,0,0,0,0,0,1,0,0,0,0,0,1,0,0,1
643,870,0,0,0,17.45,0,0,0,0,0,1,0,0,0,0,0,1,0,0,1
644,905,0,0,0,15.99,0,0,0,0,0,1,0,0,0,0,0,1,0,0,1
645,894,0,0,0,15.54,0,0,0,0,0,1,0,0,0,0,0,1,0,0,1
646,928,0,0,0,16.76,0,0,0,0,0,1,0,0,0,0,0,1,0,0,1
647,867,0,0,0,15.61,0,0,0,0,0,1,0,0,0,0,0,1,0,0,1
648,969,0,0,0,16.65,0,0,0,0,0,1,0,0,0,0,0,1,0,0,1
649,888,0,0,0,17.21,0,0,0,0,0,1,0,0,0,0,0,1,0,0,1
650,717,0,0,0,20.58,0,0,0,0,0,1,0,0,0,0,0,1,0,0,1
651,965,0,0,0,14.22,0,0,0,0,0,1,0,0,0,0,0,0,1,0,1
652,986,0,0,0,14.69,0,0,0,0,0,1,0,0,0,0,0,0,1,0,1
653,935,0,0,0,15.54,0,0,0,0,0,1,0,0,0,0,0,0,1,0,1
654,953,0,0,0,15.37,0,0,0,0,0,1,0,0,0,0,0,0,1,0,1
655,938,0,0,0,14.0,0,0,0,0,0,1,0,0,0,0,0,0,1,0,1
656,958,0,0,0,15.14,0,0,0,0,0,1,0,0,0,0,0,0,1,0,1
657,935,0,0,0,15.83,0,0,0,0,0,1,0,0,0,0,0,0,1,0,1
658,1000,0,0,0,14.8,0,0,0,0,0,1,0,0,0,0,0,0,1,0,1
659,923,0,0,0,14.36,0,0,0,0,0,1,0,0,0,0,0,0,1,0,1
660,964,0,0,0,14.05,0,0,0,0,0,1,0,0,0,0,0,0,1,0,1
661,949,0,0,0,15.29,0,0,0,0,0,1,0,0,0,0,0,0,1,0,1
662,959,0,0,0,16.62,0,0,0,0,0,1,0,0,0,0,0,0,1,0,1
663,973,0,0,0,13.82,0,0,0,0,0,1,0,0,0,0,0,0,1,0,1
664,928,0,0,0,15.53,0,0,0,0,0,1,0,0,0,0,0,0,1,0,1
665,918,0,0,0,15.21,0,0,0,0,0,1,0,0,0,0,0,0,1,0,1
666,952,0,0,0,14.32,0,0,0,0,0,1,0,0,0,0,0,0,1,0,1
667,912,0,0,0,13.77,0,0,0,0,0,1,0,0,0,0,0,0,1,0,1
668,948,0,0,0,14.67,0,0,0,0,0,1,0,0,0,0,0,0,1,0,1
669,929,0,0,0,16.94,0,0,0,0,0,1,0,0,0,0,0,0,1,0,1
670,945,0,0,0,15.5,0,0,0,0,0,1,0,0,0,0,0,0,1,0,1
671,948,0,0,0,14.25,0,0,0,0,0,1,0,0,0,0,0,0,1,0,1
672,931,0,0,0,15.92,0,0,0,0,0,1,0,0,0,0,0,0,1,0,1
673,951,0,0,0,14.51,0,0,0,0,0,1,0,0,0,0,0,0,1,0,1
674,913,0,0,0,14.56,0,0,0,0,0,1,0,0,0,0,0,0,1,0,1
675,953,0,0,0,14.94,0,0,0,0,0,1,0,0,0,0,0,0,1,0,1
676,932,0,0,0,16.27,0,0,0,0,0,1,0,0,0,0,0,0,1,0,1
677,943,0,0,0,15.7,0,0,0,0,0,1,0,0,0,0,0,0,1,0,1
678,984,0,0,0,16.09,0,0,0,0,0,1,0,0,0,0,0,0,1,0,1
679,969,0,0,0,15.77,0,0,0,0,0,1,0,0,0,0,0,0,1,0,1
680,988,0,0,0,13.62,0,0,0,0,0,1,0,0,0,0,0,0,1,0,1
681,933,0,0,0,14.31,0,0,0,0,0,1,0,0,0,0,0,0,1,0,1
682,947,0,0,0,14.4,0,0,0,0,0,1,0,0,0,0,0,0,1,0,1
683,991,0,0,0,14.96,0,0,0,0,0,1,0,0,0,0,0,0,1,0,1
684,921,0,0,0,16.97,0,0,0,0,0,1,0,0,0,0,0,0,1,0,1
685,968,0,0,0,15.01,0,0,0,0,0,1,0,0,0,0,0,0,1,0,1
686,921,0,0,0,16.09,0,0,0,0,0,1,0,0,0,0,0,0,1,0,1
687,932,0,0,0,16.43,0,0,0,0,0,1,0,0,0,0,0,0,1,0,1
688,986,0,0,0,14.02,0,0,0,0,0,1,0,0,0,0,0,0,1,0,1
689,966,0,0,0,14.96,0,0,0,0,0,1,0,0,0,0,0,0,1,0,1
690,932,0,0,0,14.41,0,0,0,0,0,1,0,0,0,0,0,0,1,0,1
691,985,0,0,0,15.28,0,0,0,0,0,1,0,0,0,0,0,0,1,0,1
692,976,0,0,0,13.64,0,0,0,0,0,1,0,0,0,0,0,0,1,0,1
693,969,0,0,0,14.86,0,0,0,0,0,1,0,0,0,0,0,0,1,0,1
694,949,0,0,0,14.46,0,0,0,0,0,1,0,0,0,0,0,0,1,0,1
695,941,0,0,0,14.64,0,0,0,0,0,1,0,0,0,0,0,0,1,0,1
696,971,0,0,0,13.26,0,0,0,0,0,1,0,0,0,0,0,0,1,0,1
697,1011,0,0,0,14.7,0,0,0,0,0,1,0,0,0,0,0,0,1,0,1
698,963,0,0,0,15.19,0,0,0,0,0,1,0,0,0,0,0,0,1,0,1
699,973,0,0,0,15.61,0,0,0,0,0,1,0,0,0,0,0,0,1,0,1
700,942,0,0,0,15.03,0,0,0,0,0,1,0,0,0,0,0,0,1,0,1
